[
    {
        "lettre1": "Z",
        "lettre2": "L",
        "reponse": "Faux",
        "result": "Correct"
    },
    {
        "lettre1": "M",
        "lettre2": "A",
        "reponse": "Faux",
        "result": "Correct"
    },
    {
        "lettre1": "X",
        "lettre2": "X",
        "reponse": "Faux",
        "result": "Incorrect"
    },
    {
        "lettre1": "R",
        "lettre2": "M",
        "reponse": "Vrai",
        "result": "Incorrect"
    },
    {
        "lettre1": "Y",
        "lettre2": "D",
        "reponse": "Faux",
        "result": "Correct"
    },
    {
        "lettre1": "N",
        "lettre2": "O",
        "reponse": "Vrai",
        "result": "Incorrect"
    },
    {
        "lettre1": "R",
        "lettre2": "O",
        "reponse": "Faux",
        "result": "Correct"
    },
    {
        "lettre1": "Q",
        "lettre2": "R",
        "reponse": "Vrai",
        "result": "Incorrect"
    }
]